,username,tweet
0,aoc,debate democrat much helping people year much le
1,aoc,yes retroactive back jan
2,aoc,mean test corporate tax break
3,aoc,nationwide
4,aoc,sorry previous typo cold finger
5,aoc,fema operating amp authorized billion program retroactive amp reimburse back january start collecting doc fema need expense documentation receipt invoice death certificate amp doc caller id includes undocumented
6,aoc,official lost loved one due covid soon able get reimbursed expense laying loved one rest proud thankful gotten done amp
7,aoc,folk said defunding huge pd budget amp shifting school hard explain saying well actually k recall diff president carry yes know ad showed k check threshold help people
8,aoc,use west virginia cost living bring relief everyone million left cold k cutting check account queen higher col overall win win lower col get bang buck higher col get need met
9,aoc,borough queen higher population entire state west virginia help instead one cut relief check account higher cost living queen amp west virginia get help wv actually come ahead due lower col
10,aoc,discount proposal saying rep urban amp suburban area get place seem apply consideration k threshold totally disconnected reality ten million people let talk queen amp west virginia
11,aoc,contact member congress help track also applies thing like social security etc staff able track lot money people community find member congress
12,aoc,pandemic hit use income determine relief eligibility
13,aoc,conclusion k wack wack thing
14,aoc,would outrageous ran giving relief ended opposite sad even argument dem party covid relief disaster relief amp urgent first act gate big bold strong weaker amp smaller
15,aoc,source
16,aoc,joe cunningham pledged never take corporate pac money never mace said cash every check get yet another way downgrade
17,aoc,even gross mace take corporate pac money already funded corporation choosing swindle working people top peak scam artistry cap cash
18,aoc,joe cunningham already proving league decent honest mace seems capable house far better w cunningham sad see mace diminish representation community launching reputation craven dishonesty right bat
19,aoc,pretty horrible well good know kind person early also good know mace cut trump cloth dishonesty opportunism sad see colleague intentionally hurt woman survivor make buck thought better
20,aoc,amazon worker right form union anti union tactic like especially trillion dollar company trying disrupt essential worker organizing better wage dignified working condition pandemic wrong
21,aoc,preserve peg outdated income people need help
22,aoc,conservative senate dems institute lower income threshold next round check could potentially mean first round check trump help people first round biden want let stop playing amp help people
23,aoc,call member congress help track
24,aoc,dems need slam dunk people elected u help many people possible hard let screw austerity nonsense squeeze working class yet never make peep tax cut yacht private jet proposed
25,aoc,begin w anyway brutally mean testing round going hurt many people risk afford income threshold already work reverse amp lag behind reality conservative dems ask tax back later concerned
26,aoc,cannot cut relief k shockingly touch assert k wealthy receive relief million brink eviction give little devastated give much single mom might save rainy day hard
27,aoc,imagine policymaker washington witnessed massive economic social health destruction last year think greatest policy risk face providing much relief sound silly right floor ceiling
28,aoc,thanks happy chat plan detail community effort gone legislation
29,aoc,wrote original green new deal public housing written carefully w nycha resident advocate amp building trade create k job city revamp public housing plan original work
30,aoc,powerful account barricading staff collective decision made white supremacist breached office already come far movement black life go without fight
31,aoc,story threat looked like escalated moment got washington feel responsible safety staff
32,aoc,want hear story like yesterday spoke gut instinct blend floor w gop lawmaker bc knew mob coming dems amp affirmed stark reality colleague color luxury
33,aoc,reason gop trying sow false doubt account capitol attack bc know powerful testimony really story reveals detail need accountability see mine amp others cspan
34,aoc,thank everyone puppy content today deco first time camping turning dinosaur
35,aoc,incredibly powerful moving thank
36,aoc,never make claim would never ever greene pumping lie insurrectionist base making feel justified violence prospect stripping committee clearly quelling must expelled
37,aoc,discounting experience fact checking statement never made insinuating said great job mace hope proud quickly throw survivor bus moment personal gain enjoy fox news hit
38,aoc,available cspan archive footage online later viewing follow official congressional account usually rep front mine sure many clip also reposted
39,aoc,said earlier week story attack capitol story central story one story tonight start hear house floor invite colleague wish share join special order
40,aoc,bronx resident get vaccine appointment yankee stadium next week
41,aoc,last night house republican gave standing ovation gop colleague went floor today equate journalistic medium outlet qanon belief action work protect also predictable outcome accountability th
42,aoc,many food worker custodial worker capitol police officer ran life longworth feared family week attack think terror le valid statement mace attack attack
43,aoc,true damage come many survivor watching seeing get care feel shame silence speak bc know voice leadership ready minimize experience
44,aoc,think w folk like dishonestly claiming survivor exaggerating story veteran survivor community deny care need amp deserve bc internalize voice like saying went bad enough
45,aoc,wild discrediting le mo office w dishonest attack went record saying barricaded fear else experience minimize capitol police longworth custodial worker cleaned shard glass
46,aoc,saying week ago contradicting account attack fox news click honestly pretty sad see turn around like throw people bus thought better
47,aoc,deeply cynical amp disgusting attack capitol complex stormed people killed none u knew moment area compromised previously told reporter barricaded office afraid hurt
48,aoc,deeply cynical amp disgusting attack capitol complex stormed amp people killed none u knew moment area compromised previously told reporter barricaded office afraid hurt
49,aoc,sen comfortable going tv disparage house member excuse add support racist antisemitic conspiracy theory coming gop house colleague denounce
50,aoc,sad thing disinformation truth come damage already done people already misled radicalized amp believe lie point hatred brewed violence led th happening right
51,aoc,honestly message republican trying send appointing education labor committee woman belief sandy hook shooting fake mock parkland survivor individual get final say cmtes gop leadership picked assignment
52,aoc,say survivor watching loved one watching may share story tomorrow month year may never speaking vitriol towards survivor hurt amp loved one bc dismissers rob meaningful relationship
53,aoc,honest every step way affirmer offering safety pressing pause button acknowledge trauma courage amp many others tell story publicly helped share mine
54,aoc,really wrestled w telling story amp decided week ago probably worth dinner sen told everything knew survivor helped see importance sharing story capitol trauma
55,aoc,may know know survivor highly likely survivor trauma close people love amp may know many decide whether story safe someone respond survivor push away
56,aoc,today birthday one greatest ever brilliant leader fearless champion masterful legislator uplifter organizer everything please join wishing happy birthday
57,aoc,fact check arrow accurate lie mob stormed amp place away also fail convey multiple area people trying storm also failed show tunnel poor job around
58,aoc,also damning revealing gop digging heel discrediting campaign know implicated pivoting classic abuse playbook bad say bad actually worse
59,aoc,people trying rush infiltrate office building get evacuated first place attempt attacker amp publicly available communication show tried gain access share location info finding member physical harm
60,aoc,latest manipulative take right manipulating fact people know layout capitol complex capitol complex attack dome bomb trump supporter planted surrounded office
61,aoc,survivor trauma worry believed situation bad enough bad fear branded deemed manipulative telling truth see community safe amp u loved
62,aoc,good morning everyone teaching term digital social medium session member congress today help help wish saw digitally elected official great job think others learn lmk
63,aoc,thank rabbi
64,aoc,republican demanding accountability divisive must move attack country without recourse taking page playbook abuser sadly unsurprising year fealty trump seems many gop turned
65,aoc,senator ted cruz deliberately knowingly amplified specific lie fueling violent attacker contributed carnage jan th action since show given similar political opportunity would choose must resign texan agree
66,aoc,
67,aoc,thank holding day wonderful friend
68,aoc,thanks making space hope make space others tell story week come wish paper misdeed rushing u move move individual responsible held account
69,aoc,story story central story happened jan th one story many whose life endangered capitol lie threat violence fanned cowardice people chose personal gain democracy
70,aoc,probably around
71,aoc,imagine thinking healthcare human right v white supremacist conspiracy theory two view extreme
72,aoc,congratulation sen public school teacher new york state senate proud journey dedication bringing many along spirit building new york many let go
73,aoc,got back
74,aoc,moving office huge disruptive effort honestly even rep bush move endure greene one posing threat others around
75,aoc,responsibility ensure member harm others losing control caucus amp allowing threat go unchecked looking way member like feel unsafe must move office week st term
76,aoc,fact republican party take decisive action white supremacist amp knowingly endorsed candidate believe muslim american serve congress amp posted threatening image holding firearm next dem member congress extremely alarming
77,aoc,reminder
78,aoc,yup
79,aoc,back
80,aoc,sorry trying fix audio back
81,aoc,live
82,aoc,also joining
83,aoc,awesome see set time
84,aoc,twitch update joining along thestockguy offer update insight might come
85,aoc,need healing unity take responsibility action acknowledge contribution lie made violence harm caused believe anyone held accountable mad divisive gop
86,aoc,oh anger would anger cruz amplified known lie election fueled insurrection cost ppl life think logical response lie hug maybe anger bc action deserve accountability
87,aoc,hopping twitch pm tonight discus today development gamestop retail trading might guest two join see see
88,aoc,even apologized serious physical mental harm contributed capitol police amp custodial worker fellow member congress meantime get timeline amp stop clout chasing thanks happy work gop
89,aoc,conveniently talk moving second capitol police officer lost life yesterday still raging aftermath attack role joke need accountability includes new senator texas
90,aoc,happy work republican issue common ground almost murdered week ago sit one happy work w almost gop trying get killed meantime want help resign
91,aoc,inquiry freeze limited solely robinhood serious matter committee investigator examine retail service freezing stock purchase course potential investigation especially allowing sale freezing purchase
92,aoc,unacceptable need know decision block retail investor purchasing stock hedge fund freely able trade stock see fit member financial service cmte support hearing necessary
93,aoc,thanks actually trying new drugstore item skincare cerave vit c serum legit tried fancier one turned orange fast also using either cerave tinted sunscreen super serum w little powder
94,aoc,republican member congress want consequence white supremacy insurrection united state political strategy embrace white supremacist scepter confederacy get power first place
95,aoc,anyways tax rich
96,aoc,gotta admit really something see wall streeters long history treating economy casino complain message board poster also treating market casino
97,aoc,almost helped shape platform
98,aoc,people must understand depth happening president united state ordered halt deportation ice federal agency refusing comply reforming rogue dept time new vision freemariana amp abolishice
99,aoc,gap donation super helpful got link
100,aoc,debate democrat much helping people year much le
101,aoc,yes retroactive back jan
102,aoc,mean test corporate tax break
103,aoc,nationwide
104,aoc,sorry previous typo cold finger
105,aoc,fema operating amp authorized billion program retroactive amp reimburse back january start collecting doc fema need expense documentation receipt invoice death certificate amp doc caller id includes undocumented
106,aoc,official lost loved one due covid soon able get reimbursed expense laying loved one rest proud thankful gotten done amp
107,aoc,folk said defunding huge pd budget amp shifting school hard explain saying well actually k recall diff president carry yes know ad showed k check threshold help people
108,aoc,use west virginia cost living bring relief everyone million left cold k cutting check account queen higher col overall win win lower col get bang buck higher col get need met
109,aoc,borough queen higher population entire state west virginia help instead one cut relief check account higher cost living queen amp west virginia get help wv actually come ahead due lower col
110,aoc,discount proposal saying rep urban amp suburban area get place seem apply consideration k threshold totally disconnected reality ten million people let talk queen amp west virginia
111,aoc,contact member congress help track also applies thing like social security etc staff able track lot money people community find member congress
112,aoc,pandemic hit use income determine relief eligibility
113,aoc,conclusion k wack wack thing
114,aoc,would outrageous ran giving relief ended opposite sad even argument dem party covid relief disaster relief amp urgent first act gate big bold strong weaker amp smaller
115,aoc,source
116,aoc,joe cunningham pledged never take corporate pac money never mace said cash every check get yet another way downgrade
117,aoc,even gross mace take corporate pac money already funded corporation choosing swindle working people top peak scam artistry cap cash
118,aoc,joe cunningham already proving league decent honest mace seems capable house far better w cunningham sad see mace diminish representation community launching reputation craven dishonesty right bat
119,aoc,pretty horrible well good know kind person early also good know mace cut trump cloth dishonesty opportunism sad see colleague intentionally hurt woman survivor make buck thought better
120,aoc,amazon worker right form union anti union tactic like especially trillion dollar company trying disrupt essential worker organizing better wage dignified working condition pandemic wrong
121,aoc,preserve peg outdated income people need help
122,aoc,conservative senate dems institute lower income threshold next round check could potentially mean first round check trump help people first round biden want let stop playing amp help people
123,aoc,call member congress help track
124,aoc,dems need slam dunk people elected u help many people possible hard let screw austerity nonsense squeeze working class yet never make peep tax cut yacht private jet proposed
125,aoc,begin w anyway brutally mean testing round going hurt many people risk afford income threshold already work reverse amp lag behind reality conservative dems ask tax back later concerned
126,aoc,cannot cut relief k shockingly touch assert k wealthy receive relief million brink eviction give little devastated give much single mom might save rainy day hard
127,aoc,imagine policymaker washington witnessed massive economic social health destruction last year think greatest policy risk face providing much relief sound silly right floor ceiling
128,aoc,thanks happy chat plan detail community effort gone legislation
129,aoc,wrote original green new deal public housing written carefully w nycha resident advocate amp building trade create k job city revamp public housing plan original work
130,aoc,powerful account barricading staff collective decision made white supremacist breached office already come far movement black life go without fight
131,aoc,story threat looked like escalated moment got washington feel responsible safety staff
132,aoc,want hear story like yesterday spoke gut instinct blend floor w gop lawmaker bc knew mob coming dems amp affirmed stark reality colleague color luxury
133,aoc,reason gop trying sow false doubt account capitol attack bc know powerful testimony really story reveals detail need accountability see mine amp others cspan
134,aoc,thank everyone puppy content today deco first time camping turning dinosaur
135,aoc,incredibly powerful moving thank
136,aoc,never make claim would never ever greene pumping lie insurrectionist base making feel justified violence prospect stripping committee clearly quelling must expelled
137,aoc,discounting experience fact checking statement never made insinuating said great job mace hope proud quickly throw survivor bus moment personal gain enjoy fox news hit
138,aoc,available cspan archive footage online later viewing follow official congressional account usually rep front mine sure many clip also reposted
139,aoc,said earlier week story attack capitol story central story one story tonight start hear house floor invite colleague wish share join special order
140,aoc,bronx resident get vaccine appointment yankee stadium next week
141,aoc,last night house republican gave standing ovation gop colleague went floor today equate journalistic medium outlet qanon belief action work protect also predictable outcome accountability th
142,aoc,many food worker custodial worker capitol police officer ran life longworth feared family week attack think terror le valid statement mace attack attack
143,aoc,true damage come many survivor watching seeing get care feel shame silence speak bc know voice leadership ready minimize experience
144,aoc,think w folk like dishonestly claiming survivor exaggerating story veteran survivor community deny care need amp deserve bc internalize voice like saying went bad enough
145,aoc,wild discrediting le mo office w dishonest attack went record saying barricaded fear else experience minimize capitol police longworth custodial worker cleaned shard glass
146,aoc,saying week ago contradicting account attack fox news click honestly pretty sad see turn around like throw people bus thought better
147,aoc,deeply cynical amp disgusting attack capitol complex stormed people killed none u knew moment area compromised previously told reporter barricaded office afraid hurt
148,aoc,deeply cynical amp disgusting attack capitol complex stormed amp people killed none u knew moment area compromised previously told reporter barricaded office afraid hurt
149,aoc,sen comfortable going tv disparage house member excuse add support racist antisemitic conspiracy theory coming gop house colleague denounce
150,aoc,sad thing disinformation truth come damage already done people already misled radicalized amp believe lie point hatred brewed violence led th happening right
151,aoc,honestly message republican trying send appointing education labor committee woman belief sandy hook shooting fake mock parkland survivor individual get final say cmtes gop leadership picked assignment
152,aoc,say survivor watching loved one watching may share story tomorrow month year may never speaking vitriol towards survivor hurt amp loved one bc dismissers rob meaningful relationship
153,aoc,honest every step way affirmer offering safety pressing pause button acknowledge trauma courage amp many others tell story publicly helped share mine
154,aoc,really wrestled w telling story amp decided week ago probably worth dinner sen told everything knew survivor helped see importance sharing story capitol trauma
155,aoc,may know know survivor highly likely survivor trauma close people love amp may know many decide whether story safe someone respond survivor push away
156,aoc,today birthday one greatest ever brilliant leader fearless champion masterful legislator uplifter organizer everything please join wishing happy birthday
157,aoc,fact check arrow accurate lie mob stormed amp place away also fail convey multiple area people trying storm also failed show tunnel poor job around
158,aoc,also damning revealing gop digging heel discrediting campaign know implicated pivoting classic abuse playbook bad say bad actually worse
159,aoc,people trying rush infiltrate office building get evacuated first place attempt attacker amp publicly available communication show tried gain access share location info finding member physical harm
160,aoc,latest manipulative take right manipulating fact people know layout capitol complex capitol complex attack dome bomb trump supporter planted surrounded office
161,aoc,survivor trauma worry believed situation bad enough bad fear branded deemed manipulative telling truth see community safe amp u loved
162,aoc,good morning everyone teaching term digital social medium session member congress today help help wish saw digitally elected official great job think others learn lmk
163,aoc,thank rabbi
164,aoc,republican demanding accountability divisive must move attack country without recourse taking page playbook abuser sadly unsurprising year fealty trump seems many gop turned
165,aoc,senator ted cruz deliberately knowingly amplified specific lie fueling violent attacker contributed carnage jan th action since show given similar political opportunity would choose must resign texan agree
166,aoc,
167,aoc,thank holding day wonderful friend
168,aoc,thanks making space hope make space others tell story week come wish paper misdeed rushing u move move individual responsible held account
169,aoc,story story central story happened jan th one story many whose life endangered capitol lie threat violence fanned cowardice people chose personal gain democracy
170,aoc,probably around
171,aoc,imagine thinking healthcare human right v white supremacist conspiracy theory two view extreme
172,aoc,congratulation sen public school teacher new york state senate proud journey dedication bringing many along spirit building new york many let go
173,aoc,got back
174,aoc,moving office huge disruptive effort honestly even rep bush move endure greene one posing threat others around
175,aoc,responsibility ensure member harm others losing control caucus amp allowing threat go unchecked looking way member like feel unsafe must move office week st term
176,aoc,fact republican party take decisive action white supremacist amp knowingly endorsed candidate believe muslim american serve congress amp posted threatening image holding firearm next dem member congress extremely alarming
177,aoc,reminder
178,aoc,yup
179,aoc,back
180,aoc,sorry trying fix audio back
181,aoc,live
182,aoc,also joining
183,aoc,awesome see set time
184,aoc,twitch update joining along thestockguy offer update insight might come
185,aoc,need healing unity take responsibility action acknowledge contribution lie made violence harm caused believe anyone held accountable mad divisive gop
186,aoc,oh anger would anger cruz amplified known lie election fueled insurrection cost ppl life think logical response lie hug maybe anger bc action deserve accountability
187,aoc,hopping twitch pm tonight discus today development gamestop retail trading might guest two join see see
188,aoc,even apologized serious physical mental harm contributed capitol police amp custodial worker fellow member congress meantime get timeline amp stop clout chasing thanks happy work gop
189,aoc,conveniently talk moving second capitol police officer lost life yesterday still raging aftermath attack role joke need accountability includes new senator texas
190,aoc,happy work republican issue common ground almost murdered week ago sit one happy work w almost gop trying get killed meantime want help resign
191,aoc,inquiry freeze limited solely robinhood serious matter committee investigator examine retail service freezing stock purchase course potential investigation especially allowing sale freezing purchase
192,aoc,unacceptable need know decision block retail investor purchasing stock hedge fund freely able trade stock see fit member financial service cmte support hearing necessary
193,aoc,thanks actually trying new drugstore item skincare cerave vit c serum legit tried fancier one turned orange fast also using either cerave tinted sunscreen super serum w little powder
194,aoc,republican member congress want consequence white supremacy insurrection united state political strategy embrace white supremacist scepter confederacy get power first place
195,aoc,anyways tax rich
196,aoc,gotta admit really something see wall streeters long history treating economy casino complain message board poster also treating market casino
197,aoc,almost helped shape platform
198,aoc,people must understand depth happening president united state ordered halt deportation ice federal agency refusing comply reforming rogue dept time new vision freemariana amp abolishice
199,aoc,gap donation super helpful got link
200,aoc,quick update homework helper program assigned first family tutoring st grader reading amp writing hr week next week tip helping kid learn sound word let know
201,aoc,obama era rule reversed trump great restored quickly organize time push also end profit immigrant detention abolish death penalty reduce overall incarceration amp
202,aoc,great development amp important step done end profit caging people u must include ending profit immigrant detention amp examine use profit service squeeze family incarcerated public prison
203,aoc,quick question someone helped bomb building incited assassination attempt congress think face trial simple yes yes impeachment integrity speak justice system terrorism amp policing ever
204,aoc,let record reflect close second yeah crazy good
205,aoc,dunno politician think ending discrimination divisive might want publicly advertise
206,aoc,republican suddenly begun deeply value prioritize bipartisanship washington start supporting k check retroactive unemployment people bipartisan
207,aoc,listening really think conservative interpret right free speech right liked accepted popular matter say endanger much lie
208,aoc,given prime space say billionaire run rag specifically amplifies right wing view part entire subsidized industry right wing outlet muzzled hawley deeply unpopular aided insurrection need resign
209,aoc,guard allowed back capitol sent team three hand deliver snack capitol since resting spot restored timestamp post possible may visited team capitol making delivery
210,aoc,hawley senator missouri constituent people missouri state elected sister first black woman ever represent mo congress hawley really need clarify considers constituent amp
211,aoc,sen hawley trying wiggle inciting riot killed saying representing constituent wish overturn election resurrect confederacy
212,aoc,food produce worker wanted raise risking life covid denied asked pay healthcare amp told lucky even job went strike community supported getting raise pocket
213,aoc,bronx better
214,aoc,let go
215,aoc,another night picket line never know going meet huge thank showed solidarity produce worker delivered pizza keep party bumping happy help hand
216,aoc,padma donated
217,aoc,deleted still gotta let unionize though
218,aoc,one hand laugh know reason brazen thought going succeed
219,aoc,wanted incriminate little well
220,aoc,org follow see started case
221,aoc,jerky cooky goldfish fruit snack chip etc
222,aoc,update part snack delivered
223,aoc,already passed signed law tucked last covid bill trump signed
224,aoc,people asking yes secured covid funeral cost reimbursement nationwide effort inspired district legislation cover impacted family united state detail come fema finalizes distribution detail
225,aoc,country wide
226,aoc,dad passed away teen amp arrange service funeral expense part financial devastation never wanted anyone else experience much left fight amp small yet crucial victory
227,aoc,soon fema distribution detail finalized share get needed relief aim covid loss eligible thank many partner process get done
228,aoc,many month work tumult late dec covid package finally able work fema funeral reimbursement everyone country lost loved one due covid current status billion approved fema setting program
229,aoc,effort began elmhurst community leader flagging early disparate impact covid case compounded w devastating economic impact funeral expense got work right away partnered w prioritize relief
230,aoc,bx queen district became covid hit country spent much last year working issue devastating family funeral cost finally got done people soon able get covid funeral cost reimbursed
231,aoc,amp
232,aoc,gop lawmaker campaigned image cocking gun next photo trying violate dc law house rule sneak gun onto house floor two week white supremacist insurrection killed people
233,aoc,hope baby well
234,aoc,update look like letting back capitol offer snack etc still stand
235,aoc,rep malliotakis deliberately amplified known lie tried overturn election incited insurrection white supremacist killed people district people color safe think feel leadership shameful
236,aoc,top winter picket line accessory bullhorn glove handwarmers solidarity shout covering important issue depth deserve let get produce worker buck asking
237,aoc,yeah okay office free week service member like use break take nap couch stock snack middle moving office bit messy judge make home
238,aoc,love back
239,aoc,nice tweet sen cruz quick question also believe geneva convention view citizen geneva asking everyone belief u senator competent undermine election incite insurrection united state
240,aoc,
241,aoc,ok let cancel
242,aoc,see huntspointstrike
243,aoc,stocking bustelo hot chocolate support picket line worker later hundred strike hunt point market bronx raise need support check story amp thank food worker today
244,aoc,historic day congratulation new president new vice president must begin creating justice healing planet improving material condition people work u organize build better future
245,aoc,abolish ice
246,aoc,try starting wait short powerful fit small purse big pocket letter birmingham jail one excerpt wait find letter impactful written within context book
247,aoc,join reading drum major instinct today
248,aoc,mlk deserves actual study chance use today take work place start speech drum major instinct mountaintop beyond vietnam book wait go chaos community labor dignity
249,aoc,imagine already know much socialistic economic theory capitalistic mlk jr
250,aoc,thomas jefferson hold truth self evident men created equal question whether extremist kind dr martin luther king jr
251,aoc,jesus extremist love love enemy bless curse good hate pray despitefully use persecute
252,aoc,though initially disappointed categorized extremist continued think matter gradually gained measure satisfaction label
253,aoc,problem racial injustice economic injustice cannot solved without radical redistribution political economic power mlk jr
254,aoc,
255,aoc,imagining better future whether includes gigantic house party hug help human cope difficult time
256,aoc,penguin dance throwback time today nyt story imagining activity amp scene look forward help u difficult time pandemic looking forward big dinner w friend amp live show
257,aoc,abolish death penalty
258,aoc,jan clear folk vouch mentoring woman reading room week
259,aoc,mic bungeez yes good one page look anyone look pac section business corporate pac money found note top contributor section often employee donation
260,aoc,member voted overturn election also indicated may suspend political donation general least time
261,aoc,way tell company actually mean say giving member period bare minimum cycle reminder also elect member take corporate money amp funded small dollar donation everyday people
262,aoc,issue w donation done month measured election cycle pretty normal member get max check first mo announcement mean much bc still max ppl undermined election july
263,aoc,say confidence give capitol tour anyone last week republican want join u answering question
264,aoc,bronx amp queen constituent heard seen inbox due event week convening emergency town hall starting pm answer question check detail inbox subscribed ny newsletter
265,aoc,gop lawmaker trying backtrack like voting overturn election lie fed white supremacist base simply amplifying concern challenge legitimacy black electorate philadelphia detroit latino electorate arizona
266,aoc,hey sen hate break fact raised fist solidarity white supremacist attacked capitol may politically regret revealed still place public office resign
267,aoc,unemployment benefit retroactive
268,aoc,people really twist knot giving platform white supremacist enablers like come everyone must listen side equally fact fiction
269,aoc,bronx veteran district includes borough
270,aoc,lighter note also another viral photoshopped tweet shoe also ppl asking need shoe thanks fake sometimes people call extreme wonder many fake facebook story post exposed
271,aoc,fyi yet another viral misinformation campaign going time false tweet photoshopped look like sent call purge unsurprisingly circulating like wildfire fb amp twitter one way death threat amp targeting ramp
272,aoc,lot word wanted president thought trying overturn election would tee rightful heir trump violent mob
273,aoc,two year many u subject extremely violent threat attempt stalker amp targeted misinfo went border mob w knife amp gun foot away cbp refused protect delegation press conference anyways
274,aoc,one thing always astounds gop talent neglecting key issue affect personally care le trump used mob put colleague life danger yet noticing bad threat turned
275,aoc,know
276,aoc,colleague congress novel thought instead pledging allegiance donor class violent mob cast vote based right thing either defend people protect mob really complicated
277,aoc,want hear coup supporting gop talk blue life ever never cared safety never cared law amp order certainly care democracy care power amp invited chaos effort seize unfit serve
278,aoc,always looking way better include
279,aoc,lot people asked link last night remark ig live remark full captioning currently generated
280,aoc,many rode wave violent rhetoric least sat idly chance stop sent congress tough stuff easy choice taken gop need advice deal call
281,aoc,get u spent last year taking stance led repeated attempt life demanding guaranteed healthcare immigrant justice etc sorry lack empathy privilege first time one vote
282,aoc,offense ant
283,aoc,colleague clearly need reminder confederacy traitor democracy white supremacist never win trouble maybe resign ready run ant farm let alone serve congress
284,aoc,even one assumes totally innocent oversight department responsible remove panic button highly visible member office inform member staff
285,aoc,chaplain almost always around counsel vote talk tell heart without party line thing also joke around human
286,aoc,long standing tradition dating back second continental congress mtg body colony house cite constitution authority name sometimes guest faith leader diversity practice offer opening prayer
287,aoc,say fair way put penny given ultimatum holding end bargain going record request nothing change move impeachment tomorrow
288,aoc,walk article senate amp present case impeachment senate essentially turn kind court senator jury think impeachment manager legal prosecutor house sends argue case trump guilty
289,aoc,part house floor always viewable cspan amp sometimes member hang vote area also usually lot thing happening like committee hearing member committee thing also covid
290,aoc,required threshold vote met vote fails even bc people show voted present bring another vote pas
291,aoc,reason sometimes get member record ppl make excuse later sometimes vote create real political pressure force development sometimes vote historical record let future generation know everything could
292,aoc,mi first round rule define debate debate happens take hour second round actually vote resolution telling penny invoke th amendment
293,aoc,added rule allows member impacted covid vote proxy house floor mean member choose btwn family health amp showing crowded indoor vote vote safely quarantine necessary
294,aoc,fighting extend resource hazard pay counseling etc wed attack uphill battle bc many essential worker esp food service employed capitol rather contract employee excuse pushing anyway
295,aoc,feel free add question house procedure happy answer learned
296,aoc,kind confusing basically house floor vote bill want vote rule defines legislation packaged debated prior voting example rule voted includes provision allows u criticize trump debate
297,aoc,sure basically vote legislation often need procedural vote st today big vote resolution think congressional message resolution telling mike penny invoke th amendment voted rule
298,aoc,
299,aoc,min time house voting according covid protocol normally min member run floor vote sometimes leave open min longer due social distancing member vote group vote take hr
300,aoc,confidence enthusiasm vision inspiration go magdalena go p love rooting
301,aoc,love good luck magdalena every student throwing hat ring serve help others
302,aoc,one message member congress amplified lie undermine democracy encouraged attack capitol tried overturn election resign lust power exceeds dedication democracy simply place congress
303,aoc,gop pro police slogan never actually abt safety always abt upholding system state violence target black ppl amp ppl color tell regularly gop member defend crime reject accountability amp push officer want
304,aoc,almost though gop member promoting video illegally carrying firearm capitol ground posting image holding gun next democratic member amp inciting attack capitol consequence naturally gop cry amp playing victim
305,aoc,good morning lie difference opinion great day
306,aoc,five people died learned another officer lost life yet gop central focus right twitter count bet many even follow community covid number closely narcissism nihilism succinctly capture leadership offer
307,aoc,free advice losing ten thousand follower moment twitter start taking neo nazi violent insurrectionist maybe advertise also maybe people unfollowing disgust support coupist bc care country
308,aoc,elected official amplified amp repeated known lie election served drum corp insurrectionist drum major house kevin mccarthy rep mccarthy bear unique elevated responsibility chaos must resign
309,aoc,republican asking unity requesting capitulation deeply unwell volatile man heal unify anything accountability rule law removal clear amp present danger help stabilize present situation
310,aoc,vice chair oversight subcommittee ran investigation domestic terror law respectfully disagree problem wednesday enough law resource intelligence amp used time find
311,aoc,one first vote congress amplify known lie nation free election incited riot killed capitol police officer crawling back hashtag brought shame delegation district represent
312,aoc,pull clerk record proudly voted resolution antisemitism cite statement founded fact
313,aoc,lying pull clerk record proudly voted resolution antisemitism cite statement growing increasingly erratic unfounded fact call opponent nazi rest assured neo nazi opponent
314,aoc,since appears gop leader need reminder healing without accountability unity white supremacist know president state devolved dangerously weak anything weak serve
315,aoc,let clear official urging serious consequence wednesday attack country including impeachment removal expulsion indictment official aided abetted incited attack opening door happen
316,aoc,gop colleague house praised hitler week confederate flag hung outside museum jewish heritage yet continue deny clear connection aftermath wednesday violence disgrace office every day resign
317,aoc,wore auschwitz shirt erected gallows tried hang vice president continued excusal denial wednesday neo nazi presence abhorrent dangerous healing unifying thing take responsibility action resign
318,aoc,stand jewish neighbor amp loved one always stand protect sickening act hatred intimidation white supremacist pack garbage amp get city new york never welcome protect
319,aoc,swath rioter staying dc hotel go hundred night
320,aoc,good see development going apps used organize violence platform
321,aoc,
322,aoc,calling congress currently working measure extend resource healthcare counseling hazard pay capitol custodial food service support staff wednesday attack everyone need support
323,aoc,gop colleague know president incited insurrection incited mob find harm possibly kill democrat allow opportunity physical harm sufficiently loyal remove
324,aoc,move moving mean forget moving requires accountability attacking nation without recourse responsibility moving capitol police officer died defending
325,aoc,fist pumped insurrectionist baselessly attacked election action fueled riot fundraised chaos five people dead even gop colleague distanced act yet cry book deal expelled
326,aoc,trump team trying cover action yesterday avoid identified inciting attack congress clear present danger long office report indicating unwell getting worse must removed office
327,aoc,trump immediately send national guard initial presence clash began pm breach happened roughly around around pm dc council tweeted request national guard denied ng approved trump cited decision
328,aoc,resign
329,aoc,complete refusal acknowledge harm wrongdoing even misjudgement amp lack self reflection act contributed yesterday chaos alarming unbecoming elected official make unfit office occupy
330,aoc,oh accusing lying campaign sent fundraising message people sieging capitol claimed leading fight reject elector clash started around pm message sent capitol breached
331,aoc,exactly told team reached day prior attack practically verbatim
332,aoc,late stage resignation help little beyond serving late attempt self preservation sec chao object yesterday event deeply working cabinet invoke th amendment abdicating seat allows
333,aoc,sen cruz must accept responsibility craven self serving action contributed death four people yesterday fundraised riot senator hawley must resign senate move expulsion
334,aoc,see either way luxury time
335,aoc,article impeachment already drafted ready introduction prepared finalized extracted secure location member signing
336,aoc,th amendment invoked today congress must reconvene immediately impeachment removal proceeding
337,aoc,additionally congress must pas resolution investigate sanction expulsion member congress helped incite attack nation
338,aoc,republic great danger imperiled without swift action protect president incited attack congress deeply unstable cabinet must invoke th amendment congress must also pursue impeachment removal president
339,aoc,already
340,aoc,impeach
341,aoc,sorry earlier comma typo day
342,aoc,barricaded several hour tell later must focus task hand preserve integrity democracy hold accountable responsible attempt subvert nation election shred constitution apart
343,aoc,okay
344,aoc,feliz de reyes trajeron al pa do asientos el senado
345,aoc,reporting denying vaccine access undocumented worker fake news happy corrected publicly stating undocumented nebraskan including meatpacking worker access vaccine thank
346,aoc,given want every nebraskan vaccine access including every meatpacker think care nebraskan even ricketts
347,aoc,hello new day ready push ready push retroactive covid relief push student loan cancellation climate justice healthcare voting right ending death penalty policy want push
348,aoc,good morning
349,aoc,two additional way thank send small donation way go list amp follow account listen learn amplify season backing mean lot go long way
350,aoc,thank organizer
351,aoc,please thank tireless work ga organizer tonight sending donation way amp following nonstop work campaign season community set split donation go
352,aoc,thank thank
353,aoc,thank
354,aoc,thank thank thank thank thank thank thank people grassroots organization thankless often overlooked mission critical work change
355,aoc,thank organizer
356,aoc,
357,aoc,haha make call intersection area think particularly sparse
358,aoc,thanks ro
359,aoc,last year investigation brought certain rx drug generic early bc exposed patent actually belonged public also went got military contractor led one amp exposed trump tax w waived status turn
360,aoc,waived instead full primary member waived member cut amp accrue seniority standing among factor full primary member mean locked accrue standing allows u better lead amp launch investigation
361,aoc,
362,aoc,imagine racist go way ensure people prepare food unvaccinated
363,aoc,wow conmijente contacted every latino voter ga telling juegan power organizing proud support along w amp many others georgia tomorrow day vote
364,aoc,tommy incredible remarkable man thank sarah raskin beautiful deeply loving tribute sharing world
365,aoc,mahalo little one teaching u hawaiian word felicidades beautiful family momentous historic day
366,aoc,two year ago walked family capitol step bussed community bronx amp queen sworn first time member congress wish could today thankfully sent another kind family let
367,aoc,let go
368,aoc,eve th congress want thank bronx amp queen entrusting sacred responsibility advancing better world house recognize relentless work dedication organizer made day happen remember answer
369,aoc,thank year admirable service advocacy bronx miss chat bronx boricua history house floor thank paving way
370,aoc,senator engaged selfish attempt shred constitution dismantle democracy also baselessly challenging ballot sending congress pathetic yet precedent setting incredibly dangerous
371,aoc,little flashback ya tweet st day congress wild day expectation aside let update w thing panned house climate select committee created co chaired biden climate task force upgraded policy paygo getting demoted
372,aoc,let u celebrate achievement need energy celebration keep pushing rule change bfd breaking austerity mindset rule esp climate major tenet green new deal learn build uplift amp advance together happy new year
373,aoc,one hand stranger abusive rhetoric know taking knock come w elected official someone prioritizes movement building winning creating something joyful people actually want part impt organizing principle
374,aoc,honest hard targeted marred sellout enemy people late tactical disagreement floor vote also bummer see figure excuse comment like f f anyone protects tone violence
375,aoc,rule change big deal amp healthcare structural change house level playing field full suite flagship legislation lock field next two year amp establishes precedent easy
376,aoc,one first deep lesson learned house process policy pas gnd etc w messed process rule weaponized austerity leg rule requiring insane tax hike service cut tied applied others
377,aoc,one st vote ever cast broke w party house rule strangled transformative legislation working people climate honestly terrifying cpc pushed critical rule change house negotiation grateful leadership
378,aoc,fighting people basic material dignity socialist fight much possible unless trump make support socialism reserve right call whatever like socialist suit agenda lindsey graham
379,aoc,say someone get highly scrutinized pretty routine stuff watching counterpart get away w far wild nonsense little fanfare
380,aoc,also diff btwn working waitress v earning million wall st may want admit policymakers experience shape thinking disqualifying etc public decide reporting impt amp attacked
381,aoc,reasonable thing
382,aoc,probably unpopular take think important public know public servant financial amp income stream regardless gender party note scrutiny get disproportionately wielded woman wall st tie reasonable examine
383,petebuttigieg,chasten saddened news susan passing thankful known wonderful presence friendship many hoosier miss holding bayh family thought prayer
384,petebuttigieg,thanks love
385,petebuttigieg,moment build back better please follow latest update transforming nation transportation future
386,petebuttigieg,honored humbled today vote senate ready get work
387,petebuttigieg,blackhistorymonth america celebrates profound way black american built shaped bettered country lesson black history compel u work toward perfect equitable union every day
388,petebuttigieg,thank member committee vote confidence today look forward working rest committee get work infrastructure building economy back better
389,petebuttigieg,cnn tonight pm et hope tune
390,petebuttigieg,one reason excited get work opportunity u build infrastructure create transportation policy allow u tackle climate crisis
391,petebuttigieg,time make federal government work better state local territorial tribal parters
392,petebuttigieg,never miss chance talk south bend smart street initiative helped bring new life opportunity city
393,petebuttigieg,husband side yesterday hearing room something seen cabinet nominee hope make easier next person come along
394,petebuttigieg,solve problem overnight changed week president provide leadership need
395,petebuttigieg,thank kind introduction today looking forward continuing work future past like visit south bend
396,petebuttigieg,real chance deliver american people build economy back better ever play central role
397,petebuttigieg,thank senator looking forward working together
398,petebuttigieg,thank senator looking forward accomplish together
399,petebuttigieg,appreciate support warm welcome committee looking forward working together
400,petebuttigieg,honored appear committee today nominee secretary transportation please tune et
401,petebuttigieg,special sunrise morning look
402,petebuttigieg,unforgettable historic day congratulation
403,petebuttigieg,joe tomorrow et hope tune
404,petebuttigieg,pleased join everyone wishing happy birthday
405,petebuttigieg,thanks everyone kind birthday wish today much looking forward year ahead new era begin tomorrow
406,petebuttigieg,honor legacy dr martin luther king jr service today let also commit bending moral arc universe toward justice put work ahead rebuild equitable future mlkday
407,petebuttigieg,proud nominated cabinet look like america first ever evenly divided gender first majority people color
408,petebuttigieg,said time stop talking infrastructure actually start building infrastructure
409,petebuttigieg,day one biden administration ready lead tackle public health economic crisis head american rescue plan first step
410,petebuttigieg,thrilled friend party
411,petebuttigieg,one week president vice president integrity decency quality need ever
412,petebuttigieg,great speaking senator appreciate leadership interest ensuring develop infrastructure work home state across country
413,petebuttigieg,thank honored support looking forward working together
414,petebuttigieg,confirmed secretary ensure department transportation carry fundamental mission ensuring safety traveler worker
415,petebuttigieg,hearing broad coalition american every community across political line see enormous opportunity job creation equity climate achievement come advancing america infrastructure
416,petebuttigieg,word consequence especially word president ally today consequence include violent rioter attacking capitol overthrow american democratic process must end democracy must prevail
417,petebuttigieg,january th new president whose first instinct unite divide moment come soon enough
418,petebuttigieg,democracy defines american project cannot let nation commitment democratic value become casualty chaotic divisive era history
419,tedcruz,mack good friend houston legend congrats
420,tedcruz,nyt also pick statement china partially correct one child rule hell
421,tedcruz,wow nyt inadvertently agrees movie villain like thanos embody today rabid environmentalist need people world many already climate hemorrhaging global warming time pick sure
422,tedcruz,damn brady
423,tedcruz,learn code dems tell steel worker
424,tedcruz,unbelievable
425,tedcruz,yes
426,tedcruz,helpful
427,tedcruz,dems value democracy much check note want make sure voter never choose vote candidate dems disapprove
428,tedcruz,excellent advice
429,tedcruz,strong
430,tedcruz,backstory happened dc last week senate dems voted turn back fracking keystone pipeline worker amp stopped amendment would prevent illegal immigrant receiving stimulus check watch verdict
431,tedcruz,good
432,tedcruz,yup
433,tedcruz,sure nothing biden ignoring science amp overruling cdc openschoolsnow
434,tedcruz,verdict live tune
435,tedcruz,big tech ostentatiously cutting gop well microsoft top recipient campaign notice pattern
436,tedcruz,classic
437,tedcruz,remotely cool enough
438,tedcruz,definitely biden admin follow law sanction passed house congress overwhelming bipartisan support sanction mandatory time biden go soft russia especially light disgraceful navalny sentence
439,tedcruz,verdict live miami tonight pm eastern make sure subscribed yaftv youtube watch submit question answer live mailbag segment
440,tedcruz,biden admin need stop messing around listen scientist open school kid hurt
441,tedcruz,twitter terrifying place verdict
442,tedcruz,worth watching
443,tedcruz,quel surprise
444,tedcruz,lift hold biden admin commits keep massive chinese communist party spy operation huawei entity list
445,tedcruz,wish
446,tedcruz,teacher union kid yet
447,tedcruz,subscribe yaftv youtube watch submit question answer live mailbag segment verdict friday february pm eastern
448,tedcruz,republican need everything fight back team biden flood pro china nominee
449,tedcruz,joe biden listen science
450,tedcruz,want miss full interview
451,tedcruz,nyc great city except idiot politician shut every restaurant theatre synagogue small business madness must end come texas
452,tedcruz,week dem message unity please keep discriminating based race
453,tedcruz,course
454,tedcruz,cnn biden administration putting kid cage tragically result promise amnesty unaccompanied child put custody human trafficker facing horrific abuse
455,tedcruz,policy shift watch joe biden cabinet pick embrace communist china verdict
456,tedcruz,blue horseshoe love gamestop
457,tedcruz,never job left want destroy always job verdict
458,tedcruz,sigh defense forgot good friend cactus
459,tedcruz,cnn inadvertent verdict promos heavily excerpted typically dishonest reporting watch amp judge
460,tedcruz,wild year put mildly god bless great nation
461,tedcruz,today democrat party party wall street big tech hollywood turned back working men woman verdict
462,tedcruz,yup
463,tedcruz,one rule rich hedge fund manhattan different set rule every american full discussion robinhood gamestop click link watch latest episode verdict
464,tedcruz,steal poor give rich listen latest episode verdict discus latest gamestop joe biden appointing cabinet
465,tedcruz,hell make sense
466,tedcruz,confused happened week gamestop robin hood column insightful helpful understanding detail rule apply everybody rich amp poor alike
467,tedcruz,yes
468,tedcruz,union boss exploiting pandemic barring student attending public school back september spoke former education secretary betsy devos importance school choice verdict watch part discussion
469,tedcruz,wonder hype came
470,tedcruz,joe biden agenda continues harm america worker
471,tedcruz,fully agree
472,tedcruz,listen canadian
473,tedcruz,sure cnn cover diligently
474,tedcruz,
475,tedcruz,radical charge policy socialist left full display surprised democrat overreach verdict
476,tedcruz,uh buy book instead
477,tedcruz,bull amp
478,tedcruz,march thomas greenfield said see u competing china influence africa african leader role ensure capacity strike negotiate better deal chinese
479,tedcruz,may thomas greenfield said concerned china buying way controlling africa african leader work get best possible deal china fact also working closely chinese
480,tedcruz,october said video
481,tedcruz,july thomas greenfield told senate see u competing china africa
482,tedcruz,state department thomas greenfield said concerned china growing power africa
483,tedcruz,questioned linda thomas greenfield morning embrace china confucius institute speech said praise chinese communist party one let go archive
484,tedcruz,biden admin unity update
485,tedcruz,totally unacceptable
486,tedcruz,rich touch dems lecture thousand blue collar union member whose job deliberately destroyed biden admin make better choice forget let eat cake
487,tedcruz,bad ccp us confucius institute propaganda amp espionage congress passed bipartisan legislation authored closing dozen biden un ambassador nominee give paid speech confucius institute praising china
488,tedcruz,stroke pen joe biden told union worker job matter biden nominee getting cozy china
489,tedcruz,union boss win
490,tedcruz,impeachment trial begin next month democrat continuing petty vindictive way instead delivering aid american people verdict
491,tedcruz,wapo position really wapo headline inherently unreliable even quoting biden verbatim ban fracking period pretty unambiguous
492,tedcruz,striking nearly million anonymous money backed joe biden white house bid compared nearly million aid president donald trump despite rhetoric today dems party rich depend government power wealth
493,tedcruz,democrat partisan hatred much higher priority working american people something pandemic much biden call unity
494,tedcruz,thx done
495,tedcruz,nice
496,tedcruz,wapo confirms yes st day office joe biden destroyed job including union job say construction job temporary construction job temporary president still destroy
497,tedcruz,borg one view contrary view exist must assimilated journalism exist orthodoxy conformity
498,tedcruz,republican press constitutional amendment term limiting member congress fox news
499,tedcruz,yes
500,tedcruz,judge want learn full inside story really happened certification vote capitol riot jan without medium spin watch latest episode verdict
501,tedcruz,yes blessing
502,tedcruz,
503,tedcruz,joke aside moron party belief govt power shut business oppress faith amp censor speech anyone disagrees try cancel btw lot folk hollywood conservative amp muzzled fascist left
504,tedcruz,could possibly predicted
505,tedcruz,dare notice dem city magically allowing small business open mere hour biden sworn make medium narrative much harder like pfizer announced vaccine mere hour nov election
506,tedcruz,dead think good walt disney republican even though behave online like marxist tourette screaming f u f u really really clever movie typically pretty funny sure hate enjoy
507,tedcruz,post think republican control senate wonder
508,tedcruz,record aspire
509,tedcruz,steve cox served men woman east texas well amp faithfully tenure u attorney grateful steve service texas wish friend best embarks next chapter career
510,tedcruz,knew senate majority leader
511,tedcruz,politico get right
512,tedcruz,fantasia playing film revival scared cried mom take good time
513,tedcruz,earlier evening staff reached leader make sure tx guardsman okay amp taken care serving nation capital never issue glad hear welcomed back inside capitol
514,tedcruz,wrong need corrected immediately
515,tedcruz,new cnn uniform fetching
516,tedcruz,
517,tedcruz,stand paris pittsburgh support blue collar union worker stand job get free bumper sticker
518,tedcruz,charming civil educated response rich angry hollywood celebrity today dems party blue collar union member work energy manufacturing much jobsmatter
519,tedcruz,singing amazing grace biden inauguration may god bless united state america
520,tedcruz,biden take oath may god bless united state america
521,tedcruz,singing biden inauguration beautiful
522,tedcruz,singing national anthem biden inauguration
523,tedcruz,right answer
524,tedcruz,extraordinary courage putin kgb thug amp incredible power shining sunlight oppression
525,tedcruz,love doritos
526,tedcruz,true gop america blue collar populist outsider party dedicated individual religious freedom party stand china without saying crazy thing
527,tedcruz,yes
528,tedcruz,would make much sense
529,tedcruz,unacceptable
530,tedcruz,true record cite show vote watered house resolution blocked resolution condemning antisemitism see support bd demand candidate promise visit israel
531,tedcruz,epic hypocrisy fact nazi evil bigot amp anti israel pal blocked resolution condemning antisemitism passed unanimously senate unless genocidal calling political opponent nazi atrocious
532,tedcruz,really sad time deep national division president elect biden choice call political opponent literal nazi nothing bring u together promote healing kind vicious partisan rhetoric tear country apart
533,tedcruz,devastating heidi lifting prayer family u capitol police officer tragically lost life keeping u safe true hero yesterday terrorist attack horrific assault democracy every terrorist need fully prosecuted
534,tedcruz,yes campaign sends automated fundraising message campaign amp every attack happened w minute told team halt fundraising lie debating election commission senate somehow support terrorist violence
535,tedcruz,yes
536,tedcruz,yes campaign sends automated fundraising message campaign amp every attack happened w minute told team halt fundraising lie debating election commission senate somehow support terrorist violence
537,tedcruz,ted cruz condemns capitol violence call peaceful transfer power fox news
538,tedcruz,try massively raise tax try pas green new deal amp destroy million job push amnesty try pack supreme court w activist undermine constitutional right fight every step amp stand people
539,tedcruz,liar leading debate senate ensuring election integrity job way responsible despicable terrorist attacked capitol yesterday sorry going anywhere socialist buddy
540,tedcruz,stop stoking division stop spreading hatred stop using malicious rhetoric false amp reckless charge sedition stop showing contempt half country disagrees violence wrong better one nation epluribusunum
541,tedcruz,storming capitol need stop constitution protects peaceful protest violence left right always wrong engaged violence hurting cause say support
542,tedcruz,violence always unacceptable even passion run high anyone engaged violence especially law enforcement fully prosecuted god bless capitol police honorable men amp woman law enforcement show great courage keeping u safe
543,tedcruz,nut profoundly harmful mission great university
544,tedcruz,
545,tedcruz,hmm wonder similarity link state
546,tedcruz,hmm wonder similarity link state
547,tedcruz,cuomo fine doctor one meeee lion dollar daring administer covid vaccine anyone government pre authorize partyofscience next time hold pinky lip
548,tedcruz,democrat cured flu
549,tedcruz,think soul patch would better
550,tedcruz,ok object ga deal let impartial election commission decide voter fraud occurred
551,tedcruz,ted cruz election audit dismissing election fraud claim real violence democratic system daily caller
552,tedcruz,every word true except time time riot violence fire bombing started many month terrorist summer love
553,tedcruz,watch cruz say folk pushing theory vote georgia different agenda
554,tedcruz,two point enemy list calling fair credible audit claim serious election fraud defending integrity democracy u remember reich rightly wrote democrat believe democracy
555,tedcruz,called journalist screaming fraud ever arrest anyone want audit result
556,tedcruz,gop senator led cruz object electoral college certification demand emergency audit fox news
557,benshapiro,think know covid got started
558,benshapiro,hearing lot messi soccer take critique
559,benshapiro,nope goat basketball jordan track bolt boxing ali baseball ruth golf nicklaus wood swimming phelps football brady tennis federer hockey gretzky gymnastics bile soccer pele sport great objective metric success
560,benshapiro,liberal either side woke leftist share many political priority abandon commitment culture right side people disagree many political priority making job bit tougher preserve right
561,benshapiro,insane yet perhaps also emblematic piece modern left yet read honest liberal going determine whether want make common cause folk like
562,benshapiro,liberal staffer trying navigate woke minefield nyt
563,benshapiro,bruce springsteen officially second awkward coastal elite publicly wear cowboy hat
564,benshapiro,much important journalisming
565,benshapiro,power hashtag
566,benshapiro,pillow made broken dream
567,benshapiro,fda waiting february hold advisory committee meeting johnson johnson vaccine comforting fda fan freaking tastic job
568,benshapiro,evidence reality main reason people particularly getting vaccine stop socially distancing masking
569,benshapiro,like let company know feeling matter click link piece contains way sound
570,benshapiro,app removed margaret thatcher name quote three three people emailed margaret thatcher bad kept using quote way dumped attribution
571,benshapiro,single scientific fact entire thread
572,benshapiro,true make nyc make anywhere mostly make nyc requires willingness live expensive place worst governance avoiding rat dragging pizza
573,benshapiro,old enough remember trump tent facility awful good news soft sided capacity biden worry
574,benshapiro,soft sided capacity euphemism tent
575,benshapiro,fact checker operate conservative botch fact check fact rate false good liberal botch fact add context rate mostly true conservative get fact right fact check implication rate mostly false
576,benshapiro,weird fact check snopes mean say true exactly dw tweet say call dw tweet misleading almost though left wing spin outfit
577,benshapiro,birdwatch
578,benshapiro,strange new respect lasted precisely long romney stuff liked
579,benshapiro,oh
580,benshapiro,alternatively stop idiocy guy
581,benshapiro,modest proposal carve texas five red state consolidate entire northeastern u one giant blue state declare california domain king candy candyland
582,benshapiro,
583,benshapiro,behold underminer beneath nothing beneath
584,benshapiro,postmodern mad libs continue
585,benshapiro,
586,benshapiro,sfusd art department longer call vapa acronym symptom white supremacy news sfusd art department appears unaware sfusd also acronym h
587,benshapiro,mitch mcconnell mtg cancer republican party medium republican party mtg nancy pelosi think pose cover magazine ilhan omar medium democratic party moderate fully reject anti semitism
588,benshapiro,metaphor alert
589,benshapiro,warning sign
590,benshapiro,favorite version right well sure trying ensure write x publication appear television network place work appear mean sure also trying get outlet taken
591,benshapiro,talking point left day cancel culture exist one exist happening
592,benshapiro,great book
593,benshapiro,grand total day ago right quite properly worried
594,benshapiro,enjoying new enthusiasm socialist class free access free market welcome comrade robinhood
595,benshapiro,kind weird figure enraged core mtg anti semitism cheer nancy pelosi posing magazine cover anti semite ilhan omar rashida tlaib defense mtg nut indictment democrat medium ally
596,benshapiro,comment jewish space laser course first rule jewish space laser second roll shabbos
597,benshapiro,usually accuse people attempted murder ought evidence twitter mob click like button
598,benshapiro,government regulator
599,benshapiro,lesson lie many elderly people killed terrible policy
600,benshapiro,medium suck also hedge fund guy want crap medium encouraging panic selling go told people throughout pandemic sell
601,benshapiro,everyone make choice spend career leeching taxpayer wrong every subject subsidized ketchup heiress
602,benshapiro,note robinhood absolutely stopping trading gamestop market mechanism include reality people attempt game market mechanism pay price restricting buy sell using hammer free market
603,benshapiro,hedge fund guy jackass undermining confidence pricing mechanism market make quick cash screw guy virtue though would take heart stone laugh
604,benshapiro,word reason eattherich trending motivating factor really hedge fund corruption worried bailouts telling government stop bailing financial firm pure dislike hedge fund guy
605,benshapiro,gamestop guy illegal lying admit gamestop worth much lols screwing hedge fund guy make funny also reinforces untruth market generally
606,benshapiro,actually illegal engage pure pump dump lie fellow investor undervalued stock order make profit drive price sell
607,benshapiro,gamestop guy believe market casino stock trader speculator provide purely gaming system make money believe nobody invest stock market period
608,benshapiro,trade stock day make money job make money benefit free market trading institutionally rooted assessment stock value provides
609,benshapiro,stock market provides three good liquidity option company investment opportunity stockholder proper pricing asset aggregation information conveyed transaction
610,benshapiro,much enthusiasm gamestop prank rooted fundamental misconception stock market merely casino untrue
611,benshapiro,yes fed pumping bad sure cure artificially driving price stock order screw hedge fund guy mainly dislike drive fancy car especially get screwed actually small unsophisticated investor
612,benshapiro,attempting take message board order prevent improper risk allocation bad idea
613,benshapiro,gamestop thing hilarious also bad skews pricing fundamental actual company likely leave unsophisticated investor holding bag
614,benshapiro,dodo bird
615,benshapiro,sorry hear jeff
616,benshapiro,like chocolate chip ice cream dog cute probably wash
617,benshapiro,far moderate uniter president biden reoriented executive branch around woke notion equity ended keystone xl pushed immigration non enforcement sided union student school reopenings mandated garbage gender theory based policy
618,benshapiro,put plastic bag head use rubber band secure around neck die covid side effect
619,benshapiro,nut patently nut
620,benshapiro,message received conservative pre emptively cancelled homogeneity maintained polarization increased well done wokescolds world still safe predation dangerous thinker like guy mkh anyone right
621,benshapiro,guy mkh need playbook ask gig point point woke light world fire liberal reaching across aisle message clear try
622,benshapiro,eventually gave guy mkh excuse overbooked excuse give law avoid dinner know noticed bylines never appeared asked guy mkh happened told
623,benshapiro,editor supposed set hard date slot oddly enough issue playbook politico went dead silent communication stopped day
624,benshapiro,friend also asked jointly guest write playbook know told day firestorm editor sought said enthused thing happened
625,benshapiro,today pointed politico blow writing playbook cancelled woke staffer cudgeling editor never reaching across aisle pretty great example problem action
626,benshapiro,biden administration unwillingness stand teacher union across america determined keep school closed defiance science expense schoolchildren reek corruption
627,benshapiro,like frankly mainly happen new
628,benshapiro,honest goodness three child age seven maturity alleged adult
629,benshapiro,also hope staffer enjoy leftist tear tumbler gotta keep laptop dry future foray journalisming
630,benshapiro,thing cancel certainly make life miserable anyone think platforming conservative non conservative outlet future entire point
631,benshapiro,thanks meghan
632,benshapiro,point politico conservative feel medium attack anyone right center nearly always designed broader attack conservative writ large politico staffer keep proving point
633,benshapiro,every single biden administration headline biden selects immutable characteristic name newsworthy characteristic high ranking position
634,benshapiro,one thing learned century people reducible immutable group characteristic ought characterized rather specific individual merit
635,benshapiro,well important thing
636,benshapiro,medium trump vital democracy dy darkness even mildest criticism press threat freedom medium biden absolutely unnecessary democracy safe shut disagree threaten freedom
637,benshapiro,watching pretty incredible one two punch america vaunted legacy free press mirror preference angle current government attempt ban destroy question current government want state medium
638,benshapiro,actual good thing biden administration
639,benshapiro,happy longer need u friend power pr wing democratic party human centipede propaganda
640,benshapiro,medium desperate attempt absolutely eviscerate necessity truly amazing watch
641,benshapiro,perhaps finest example phenomenon david brook recent column talk length biden restoration normalcy moral decency immediately swivel say filibuster nuked
642,benshapiro,going four year take amtrak love chocolate chip ice cream pursues equity based read crt policy gender theory cramdowns foreign policy idiocy
643,benshapiro,one medium chief goal next four year continue chanting normal clapping time biden absolutely abnormal thing term policy pushing biden normcore president ignore radical policy
644,benshapiro,founding father probably foresee time greatest advocate limiting freedom press would member press
645,benshapiro,infinity mask win
646,benshapiro,okay stereotype girl emotional checking woke
647,benshapiro,define girl
648,benshapiro,civil war literal battlefield warfare american flu pandemic killed american disproportionately child cold war involved threat nuclear annihilation johnson faced segregation social breakdown radical street violence
649,benshapiro,time begin today
650,benshapiro,literally three day ago republican controlled senate could done first two year trump administration controlled house senate
651,benshapiro,
652,benshapiro,truly amazing stuff see medium critical obama hillary must careful critical biden
653,benshapiro,would think read title column margaret sullivan suggesting press tough biden nope opposite nicer biden tougher republican
654,benshapiro,sound excellent
655,benshapiro,
656,benshapiro,fact check james k polk mane
657,benshapiro,never happened antifa philosophy
658,benshapiro,wait jen psaki say biden catholic really worry abortion policy like last night
659,benshapiro,enjoying course mean garbage
660,benshapiro,enjoying fact current constitutional structure policy essentially ping pong match executive order punctuated time time budget busting spending spree approved vestigial organ legislature
661,benshapiro,firework super scary global enemy perhaps next shall saber dance plastic weapon truly frighten
662,benshapiro,lmfao
663,benshapiro,called want federal real estate policy resulted massive recession back
664,benshapiro,probably better job biden president alternatively exactly biden actual covid policy press pretend everything going amazing
665,benshapiro,oh gawd
666,benshapiro,reply true intellectual titan
667,benshapiro,called wapo fire medium bar would still attempting silence even continues write wapo intellectual authoritarian
668,benshapiro,writes washington post one prestigious paper planet calling moral malpractice politico medium print anything seems like trying silence upset
669,benshapiro,better time better time
670,benshapiro,frankly believe would ever even deign speak someone dangerous obviously oh wait
671,benshapiro,note white supremacist despise feeling mutual thanks proving politico argument right many left lumping conservative together criminal white supremacist club silence opposition
672,benshapiro,much unitying
673,benshapiro,according white supremacy going threaten america politico let write playbook last week delightful
674,benshapiro,administration value objectively verifiable fact begun
675,benshapiro,word interested see whether biden mean unity share baseline common value disagree shut ruining unity
676,benshapiro,joe biden promised unity nice also barack obama promised unity meant let ram leftist policy priority overrun executive limitation build coalition around identity politics like probably bigot
677,benshapiro,medium today one long jeffrey toobin zoom call
678,benshapiro,approximately one hour medium turning trump worst person ever lived fill blank competitive republican even worse trump mean least trump fill blank
679,benshapiro,
680,benshapiro,medium trump v medium biden
681,benshapiro,sleepy joe
682,benshapiro,
683,benshapiro,funniest moment medium fapping end slow realization dawn lost rating golden goose
684,benshapiro,reminder biden unity healing involve lot truly shitty policy
685,benshapiro,good news establishment medium massage parlor journalisming service open business
686,benshapiro,doctrine state multiculturalism encouraged different culture live separate life apart mainstream david cameron multiculturalism failure nicolas sarkozy
687,benshapiro,multiculturalism lead parallel society therefore multiculturalism remains grand delusion angela merkel model universalist multiculturalist emmanuel macron
688,benshapiro,voted office accordance constitution state election law
689,benshapiro,much journalisming
690,benshapiro,con levine shipped covid positive patient back nursing home removed mom nursing home time pro levine biological man belief woman
691,benshapiro,report racist way cnn objective way
692,benshapiro,excellent
693,benshapiro,governmental fascism solution authoritarian mobocracy sound great
694,benshapiro,breaking news u intelligence acted quickly early indicator japanese military targeting pearl harbor
695,benshapiro,fine noting bit disparity also point proved lumping conservative together capitol rioter utterly uncontroversial largely de rigueur medium
696,benshapiro,today politico written objective journalist lemon consistently suggesting week everyone voted trump evil racist controversy level
697,benshapiro,
698,benshapiro,understand trump support must think term hot coldness
699,benshapiro,probably msnbc channel allowed reduce polarization
700,benshapiro,thank back
701,benshapiro,
702,benshapiro,going label u extremist order deplatform u matter much despise happened capitol riot spoke stolen election narrative krugman extremist must deplatformed
703,benshapiro,going keep proving point
704,benshapiro,
705,benshapiro,happy many people wishing happy birthday honestly let get happybirthdaymlk trending please
706,benshapiro,reported piece wapo day lmao
707,benshapiro,thank much back
708,benshapiro,politico staffer people trust u give truth also politico staffer ben shapiro like alex jones unperson
709,benshapiro,
710,benshapiro,lol late
711,benshapiro,amazing accomplished coveted birthday twitter trend threepeat truly live blessed life
712,benshapiro,going birthday three peat today
713,benshapiro,begin
714,benshapiro,text receive shall post following gif
715,benshapiro,also time play call predictably happy birthday game many happy birthday text receive liberal friend say happy birthday hellsite fear backlash recognizing indeed born woman
716,benshapiro,birthday grateful god another year life beautiful planet greatest country history greatest time alive human history
717,benshapiro,
718,benshapiro,cry lib
719,benshapiro,somebody tell actual news going real world
720,benshapiro,
721,benshapiro,good
722,benshapiro,point conservative believe leftist want ostracize evil shut politico staff conservative ought ostracized evil shut
723,benshapiro,yes morning playbook
724,benshapiro,guy save insane outrage birthday tomorrow
725,benshapiro,
726,benshapiro,
727,benshapiro,ridiculous thing rocky ii idea carl weather would ever lose sylvester stallone
728,benshapiro,
729,benshapiro,people losing writing playbook morning pretty much proving point keep guy great
730,benshapiro,obviously referring restraint rioter evil twitter dumbest place earth
731,benshapiro,
732,benshapiro,deliberate attempt lump together anyone voted trump capitol rioter undermines possibility unity also happens false indecent wrote politico morning
733,benshapiro,vile
734,benshapiro,agreed tweet zip tie flex cuff
735,benshapiro,worst kind lie double standard right double standard way
736,benshapiro,literally every regular human know owns zip tie like pauline kael steroid
737,benshapiro,pure insanity
738,benshapiro,example person thought said totally appropriate
739,benshapiro,whole purpose making dc independent state state would power federal government located therein see article section clause want dc belong state dc always join maryland virginia
740,benshapiro,democrat ron wyden need unity take adding dc puerto rico state universal mail balloting new voting right act almost though unity
741,benshapiro,um
742,benshapiro,whoop noting original tweet k rts inaccurate still solid journalisming
743,benshapiro,wednesday horrific act evil lot terrible thing kristallnacht
744,benshapiro,make comparison idiot
745,benshapiro,wednesday like kristallnacht involved burning nearly synagogue destruction jewish business deportation jew concentration camp hundred murder promoted participated unified german dictatorship
746,benshapiro,conservative subscribe outlet love next move disappear access outlet via social medium company direct access nothing even direct access question thanks aws move
747,benshapiro,action punish trump supporter outlet host action fringe criminal calm water unleash worst force american life side
748,benshapiro,left attempting weaponize evil capitol attack instrument implement non governmental one party control informational distribution surprise becomes governmental push either
749,benshapiro,everyone right correctly concerned company five minute away simply removing ability conservative host content anywhere culture upstream politics culture freedom upstream law protecting freedom
750,benshapiro,nature anti regulation even consumer based theory anti monopoly championed free market advocate cut favor anti monopolistic regulation company acting de facto collusion shut avenue dissent
751,benshapiro,technological instrument necessary speech located essentially three company moving toward like minded censorship amazon control half public cloud infrastructure microsoft google avenue close
752,benshapiro,private company law free like always said solution censorship twitter alternative parler attempting whatever flaw
753,benshapiro,yet today medium celebrate amazon exactly parler tech bros making horrible dangerous moment significantly horrible dangerous consistent standard applied reactionary deplatforming name one side
754,benshapiro,imagine midst massive blm riot summer entire tech infrastructure deplatformed facebook used app plan event devolving violence people would rightly called insane act ideological fascism
755,benshapiro,
756,benshapiro,good news medium fringe group trump supporter stormed capitol medium go back slandering million people voted trump racist complicit overthrow republic calling silenced unity
757,benshapiro,jew begin reading book exodus shabbat terrific worthwhile book subject leon ka
758,benshapiro,categorical nonsense summer blm rioter ran roughshod nyc dc la chicago major city street renamed blm police department defunded corporate brand cheered politician marched solidarity
759,benshapiro,biden harris could provided moment unity everyone good conscience deplores riot capitol instead decided parrot woke bull police treated rioter kid glove would murdered en masse blm
760,benshapiro,double standard regard rioting medium good blm bad trump supporter egregious vice versa engage whataboutism
761,benshapiro,solution going twitter facebook crackdown renewal sense civic solidarity social fabric building long abandoned
762,benshapiro,happened yesterday absolutely horrifying disgusting see see attempt blame conservative trump voter action consistently overtly condemned politically motivated deliberately divisive drivel
763,benshapiro,horrible day country violent rioting inside capitol must met full brunt law
764,benshapiro,work end filibuster manchin person standing gap
765,benshapiro,talking manchin standing nuking filibuster filibuster nuked resulting flood far reaching legislation polarize country even
766,benshapiro,separation church state governor
767,benshapiro,strong word defense man showed girlfriend house girlfriend previously alleged digital rape proceeded resist arrest admitting holding knife word complete destruction freedom hong kong
768,benshapiro,west virginian senator joe manchin office number put speed dial may obstacle standing republic dissolution
769,benshapiro,would kill filibuster order revised vra would immediately properly challenged court based shelby county v holder merely signaling base
770,benshapiro,
771,benshapiro,next two year going primarily democrat legislative excess though egregious continuing tsunami cultural warfare confident empowered radicalized left
772,benshapiro,good morning seems nice today going check thermometer
773,benshapiro,wait mean biological men retain competitive advantage sport biological woman even taking injection crazy
774,benshapiro,word medium unbelievably egregiously dishonest knew
775,benshapiro,fully percent desantis state making second oldest state thus covid vulnerable state america contrast nj death per million ny rank th th percentage population age
776,benshapiro,bel edward pritzker whitmer wolf holcomb r reynolds r hutchinson r ducey r lujan grisham mcmaster r lee r sisolak kemp r desantis r
777,benshapiro,list governor preside state higher death per million rate fl ron desantis medium anointed public enemy murphy cuomo baker r raimondo lamont burgum r noem r reef r
778,benshapiro,fact raphael warnock man praised jeremiah wright louis farrakhan fidel castro stronger democratic candidate georgia say something ugly democrat supposed moral high ground
779,benshapiro,woman obviously deserves pulitzer
780,benshapiro,chinese government write
781,benshapiro,like slavery one hey look solved problem john c calhoun
782,benshapiro,
783,benshapiro,actual headline wachter encouraging government stop holding second dos abatement instead use vaccine dos happens correct
784,benshapiro,btw would quadruple amount vaccine circulation immediately
785,benshapiro,retrospectively completely overhaul cdc fda blew extraordinary fashion throughout course pandemic
786,benshapiro,tranche vaccine age end story give everybody possible ability give vaccine see e g dialysis center wasting dos idiotic concern prioritization looking cuomo
787,benshapiro,start tranching half dos nyt trial people age received two half dos produced identical immune response microgram dose dr slaoui said fda moderna looking
788,benshapiro,tranching covid vaccine disastrous happen immediately stop stockpiling second dos insane dos coming first dose provides level protection
789,benshapiro,trailer run hide fight
790,benshapiro,begin
791,benshapiro,comment story holiday break story vile nyt vile cancel culture vile
792,benshapiro,
793,benshapiro,let u say amen awomen agenderisamalleableconceptunconnectedtobiologicalsexandyetsomehowalsoabiologicalimperative
794,benshapiro,incredibly already dumber
795,benshapiro,public sector union scourge republic
796,benshapiro,somehow giant bag covid failure medium hero ron desantis true villain
797,benshapiro,
798,benshapiro,wtaf
799,benshapiro,georgia voter remember pelosi schumer combination full scale disaster area
800,benshapiro,amen biblical hebrew word word simply meaning may nothing word man woman hebrew dumbest ever seen life
801,benshapiro,serious allegation voting irregularity must investigated constitution place ability overturn certified electoral result hand either vp majority congress since dems house effective strategy either
802,benshapiro,back jordan
